"","Mouse_ID","Address","Address_ZIP","Latitude","Longitude","Trap_Date","Dissection_Date","Sex","Status","Body_Weight","Body_Length","Tail_Length","Spleen","Feces_Weight","Dead_in_Cage","Worms_presence","Left_Embryo","Right_Embryo","Ectoparasites_Logical","Fleas","Ticks","Note","Area","Trap_set_date","Trap_set_time","Trap_number","Trap_collect_date","Trap_collect_time","Rodents_caught","Mus_caught","Feces_weight_Extraction","Feces_weight","hydrated","Extraction_Sample","Extraction_Date","FEC_DNA_Content_ng.microliter","Year","FEC_Eim_Ct","MC.Eimeria.FEC","delta_ct_cewe_MminusE","MC.Eimeria","OPG","MCs","Task","Tm1","Tm2","Tm3","Tm4","FEC_Eim_Ct1","FEC_Eim_Ct2","FEC_Eim_Ct3","HI","HI_NLoci","Oocyst_Predict_Crypto","ILWE_Crypto_Ct","ILWE_DNA_Content_ng.microliter","FEC_Crypto_Ct","FEC_Crypto_Ct1","FEC_Crypto_Ct2","FEC_Crypto_Ct3","Oocyst_Predict_Crypto_FEC"
"917","AA_0958","Zehdenicker Str. 11, Joachimstal",NA,52.97852,13.733054,"20/09/2022","22/09/2022","M","adult",12.16,80,70,0.035,NA,NA,TRUE,NA,NA,FALSE,FALSE,NA,NA,NA,NA,NA,NA,NA,NA,NA,NA,0.017,0.2104,FALSE,"FEC","23.09.2022",158.3,2022,29.75,TRUE,NA,NA,NA,NA,"UNKNOWN",75.5376358032227,NA,NA,NA,30.4909610024071,30.5149335931034,28.2407591696963,NA,NA,NA,NA,NA,36.36,36.0748767565993,35.7903953867999,37.2004312248173,86
"918","AA_0959","Königlich Reetz 14",NA,52.7747,14.1525,"20/09/2022","22/09/2022","M","young",9.9,71,74,0.027,NA,NA,NA,NA,NA,NA,NA,NA,"no cowe, colon wall ended up somewhere else!","SE","20/09/2022","15:10",12,"21/09/2022","08:50",7,7,0.0077,0.0333,FALSE,"FEC","23.09.2022",150.5,2022,18.31,TRUE,NA,NA,NA,NA,"UNKNOWN",75.2358169555664,NA,NA,NA,19.1957887508822,18.7710555377269,16.97764747297,NA,NA,NA,NA,NA,0,NA,NA,NA,0
"919","AA_0960","Königlich Reetz 14",NA,52.7747,14.1525,"20/09/2022","22/09/2022","F","adult",14.99,83,77,0.018,NA,NA,NA,NA,NA,NA,NA,NA,NA,"SE","20/09/2022","15:10",12,"21/09/2022","08:50",7,7,0.038,0.5593,FALSE,"FEC","23.09.2022",125.1,2022,30.81,TRUE,NA,NA,NA,NA,"UNKNOWN",75.3867263793945,NA,NA,NA,31.8729853944805,31.5315368544518,29.0267188464485,NA,NA,NA,NA,NA,32.79,32.8036365887943,32.5502750454274,33.0213864328736,974
"921","AA_0962","Königlich Reetz 14",NA,52.7747,14.1525,"20/09/2022","22/09/2022","F","adult",14.38,88,77,0.018,NA,NA,NA,NA,NA,NA,NA,NA,NA,"SE","20/09/2022","15:10",12,"21/09/2022","08:50",7,7,0.0212,0.3333,FALSE,"FEC","23.09.2022",56.6,2022,30.44,TRUE,NA,NA,NA,NA,"UNKNOWN",75.2358169555664,NA,NA,NA,31.2106386127261,30.7796369201449,29.3181028271966,NA,NA,NA,NA,NA,32.17,31.7759816675794,32.519228815642,32.2003990094786,1483
"923","AA_0964","Zehdenicker Str. 8, Joachimstal",NA,52.978408,13.733637,"20/09/2022","22/09/2022","F","adult",13.71,84,75,0.027,NA,NA,NA,NA,NA,NA,NA,NA,NA,NA,NA,NA,NA,NA,NA,NA,NA,0.0159,0.2895,FALSE,"FEC","23.09.2022",161.6,2022,38.19,FALSE,NA,NA,NA,NA,"UNKNOWN",80.9703674316406,84.2903594970703,78.7067260742188,82.3285446166992,37.9400626540037,NA,38.4342437553014,NA,NA,NA,NA,NA,32.45,32.2329381613692,32.546517478239,32.5656924925087,1227
"924","AA_0965","Zehdenicker Str. 8, Joachimstal",NA,52.978408,13.733637,"20/09/2022","22/09/2022","F","adult",13.87,84,NA,NA,NA,NA,NA,NA,NA,NA,NA,NA,NA,NA,NA,NA,NA,NA,NA,NA,NA,0.027,0.0261,FALSE,"FEC","23.09.2022",124.6,2022,31.49,TRUE,NA,NA,NA,NA,"UNKNOWN",74.9339981079102,NA,NA,NA,32.830418509182,31.175377065097,30.466010568666,NA,NA,NA,NA,NA,0,NA,36.2679694236507,NA,0
"926","AA_0967","Zehdenicker Str. 8, Joachimstal",NA,52.978408,13.733637,"20/09/2022","22/09/2022",NA,"adult",17.31,83,67,0.0499,NA,NA,TRUE,NA,NA,NA,NA,NA,"worms in caecum, Mastophorus in Stomach",NA,NA,NA,NA,NA,NA,NA,NA,0.0212,0.1812,FALSE,"FEC","23.09.2022",142.3,2022,17.73,TRUE,NA,NA,NA,NA,"UNKNOWN",75.0849075317383,NA,NA,NA,18.5881470856019,17.7876408017118,16.8067805309838,NA,NA,NA,NA,NA,25.75,26.1118999381453,26.0107972812602,25.1189307624807,114665
"927","AA_0968","Zehdenicker Str. 8, Joachimstal",NA,52.978408,13.733637,"20/09/2022","22/09/2022","F","adult",17.61,80,63,0.072,NA,NA,NA,NA,NA,NA,NA,NA,NA,NA,NA,NA,NA,NA,NA,NA,NA,0.0188,0.0915,FALSE,"FEC","23.09.2022",139.7,2022,17.95,TRUE,NA,NA,NA,NA,"UNKNOWN",75.3867263793945,NA,NA,NA,18.1628265001857,18.411184257568,17.272765560977,NA,NA,NA,NA,NA,33.88,32.4580664299604,32.9971654071021,36.1934927557003,465
"929","AA_0970","Zehdenicker Str. 8, Joachimstal",NA,52.978408,13.733637,"20/09/2022","22/09/2022","F","adult",17.57,90,73,0.00322,NA,NA,TRUE,NA,NA,NA,NA,NA,"worms in caecum",NA,NA,NA,NA,NA,NA,NA,NA,0.0091,0.0611,FALSE,"FEC","23.09.2022",209.5,2022,21.87,TRUE,NA,NA,NA,NA,"UNKNOWN",75.2358169555664,NA,NA,NA,22.5818272867845,22.3893385152093,20.6532757135152,NA,NA,NA,NA,NA,26.48,26.8330528606599,26.6793569477716,25.9232536282551,69941
"930","AA_0971","Zehdenicker Str. 8, Joachimstal",NA,52.978408,13.733637,"20/09/2022","22/09/2022","M","adult",19.19,89,83,0.03694,NA,NA,NA,NA,NA,NA,TRUE,NA,NA,NA,NA,NA,NA,NA,NA,NA,NA,0.0287,0.1394,FALSE,"FEC","23.09.2022",181.6,2022,37.13,FALSE,NA,NA,NA,NA,"UNKNOWN",76.5940017700195,67.6930999755859,92.7597503662109,NA,36.445907476204,37.8075232440046,NA,NA,NA,NA,NA,NA,30.8,30.9361993091149,30.8557440005909,30.5962922487817,3751
"931","AA_0972","Zehdenicker Str. 8, Joachimstal",NA,52.978408,13.733637,"20/09/2022","22/09/2022","M","adult",15.18,79,73,0.02304,NA,NA,NA,NA,NA,NA,NA,NA,NA,NA,NA,NA,NA,NA,NA,NA,NA,0.0578,0.0806,TRUE,"FEC","23.09.2022",198.9,2022,0,FALSE,NA,NA,NA,NA,"UNKNOWN",79.6121826171875,82.4794540405273,88.3649063110352,74.1794586181641,NA,NA,NA,NA,NA,NA,NA,NA,19.11,20.2695199061918,19.6187423274092,17.4482493434533,10287678
"932","AA_0973","Zehdenicker Str. 8, Joachimstal",NA,52.978408,13.733637,"20/09/2022","22/09/2022","F","pregnant",21.68,92,80,0.0356,NA,NA,NA,NA,NA,NA,NA,NA,NA,NA,NA,NA,NA,NA,NA,NA,NA,0.009,0.1415,FALSE,"FEC","23.09.2022",203,2022,32.04,TRUE,NA,NA,NA,NA,"UNKNOWN",75.990364074707,NA,NA,NA,32.0116312716183,32.8658201169054,31.2298412847864,NA,NA,NA,NA,NA,35.41,35.1091881694571,35.7102527891308,NA,165
"933","AA_0974","Zehdenicker Str. 8, Joachimstal",NA,52.978408,13.733637,"20/09/2022","22/09/2022","M","adult",14.87,89,69,0.02855,NA,NA,FALSE,NA,NA,NA,NA,NA,NA,NA,NA,NA,NA,NA,NA,NA,NA,0.0265,0.1524,FALSE,"FEC","23.09.2022",249.9,2022,22.05,TRUE,NA,NA,NA,NA,"UNKNOWN",75.2358169555664,NA,NA,NA,22.6890059922492,22.5011614161383,20.9698034361239,NA,NA,NA,NA,NA,27.17,27.7776567438247,27.8520221130435,25.8828777059563,43832
"934","AA_0975","Zehdenicker Str. 8, Joachimstal",NA,52.978408,13.733637,"20/09/2022","22/09/2022","M","young",13.78,89,80,0.03108,NA,NA,NA,NA,NA,NA,TRUE,NA,NA,NA,NA,NA,NA,NA,NA,NA,NA,0.0096,0.009,FALSE,"FEC","23.09.2022",178.1,2022,37.8,FALSE,NA,NA,NA,NA,"UNKNOWN",67.9921798706055,80.0649108886719,67.0890808105469,NA,37.0742293042352,37.0801688960866,39.2340618491908,NA,NA,NA,NA,NA,31.45,32.0704608037064,31.2753484217951,31.0131786001834,2415
"935","AA_0976","Zehdenicker Str. 8, Joachimstal",NA,52.978408,13.733637,"21/09/2022","22/09/2022","M","adult",13.52,85,70,0.03796,NA,NA,FALSE,NA,NA,NA,NA,NA,NA,NA,NA,NA,NA,NA,NA,NA,NA,0.0168,0.2087,FALSE,"FEC","23.09.2022",183.7,2022,0,FALSE,NA,NA,NA,NA,"UNKNOWN",83.5358200073242,63.1630897521973,94.2503662109375,NA,NA,NA,NA,NA,NA,NA,NA,NA,18.82,19.8585522193675,19.325854490602,17.2638677252427,12520135
"936","AA_0977","Zehdenicker Str. 11, Joachimstal",NA,52.97852,13.733054,"20/09/2022","22/09/2022","F","adult",13.79,87,69,0.052,NA,NA,TRUE,NA,NA,NA,TRUE,NA,"no caecum content due to worms!",NA,NA,NA,NA,NA,NA,NA,NA,0.0461,0.2024,FALSE,"FEC","23.09.2022",119.5,2022,0,FALSE,NA,NA,NA,NA,"UNKNOWN",77.9521789550781,89.1194534301758,81.8758163452148,84.8939971923828,NA,NA,NA,NA,NA,NA,NA,NA,35.63,36.9636855505493,35.2804025434101,34.6324845228859,142
"939","AA_0980","Alt-Gielsdorf 67",NA,52.6053,13.8756,"20/09/2022","22/09/2022","F","adult",15.45,89,79,0.071,NA,NA,TRUE,NA,NA,NA,NA,NA,NA,NA,NA,NA,NA,NA,NA,NA,NA,0.026,0.129,FALSE,"FEC","24.09.2022",14,2022,17.45,TRUE,NA,NA,NA,NA,"UNKNOWN",75.243293762207,NA,NA,NA,17.4519728499234,17.8335858505467,17.0762561607162,NA,NA,NA,NA,NA,0,36.9178334810181,35.5323292591455,34.8016708883836,0
"940","AA_0981","Alt-Gielsdorf 67",NA,52.6053,13.8756,"20/09/2022","22/09/2022","F","pregnant",16.28,98,79,0.0425,NA,NA,NA,4,1,NA,NA,NA,NA,NA,NA,NA,NA,NA,NA,NA,NA,0.0165,0.0384,FALSE,"FEC","24.09.2022",129.4,2022,18.78,TRUE,NA,NA,NA,NA,"UNKNOWN",75.243293762207,69.5051498413086,NA,NA,18.5089883843227,18.7356735464355,19.0895377009138,NA,NA,NA,NA,NA,0,NA,NA,NA,0
"941","AA_0982","Alt-Gielsdorf 67",NA,52.6053,13.8756,"20/09/2022","23/09/2022","F","pregnant",22.52,88,78,0.0853,NA,NA,FALSE,NA,NA,NA,NA,NA,NA,NA,NA,NA,NA,NA,NA,NA,NA,0.0368,0.2626,FALSE,"FEC","24.09.2022",130.4,2022,24.77,TRUE,NA,NA,NA,NA,"UNKNOWN",75.0922927856445,NA,NA,NA,24.3196968308957,25.3688166536896,24.6344158075845,NA,NA,NA,NA,NA,37.86,37.3966898631722,38.331033875956,NA,31
"942","AA_0983","Alt-Gielsdorf 67",NA,52.6053,13.8756,"20/09/2022","23/09/2022","F","adult",10.94,70,64,0.02733,NA,NA,NA,NA,NA,NA,NA,NA,NA,NA,NA,NA,NA,NA,NA,NA,NA,0.0483,0.3573,FALSE,"FEC","24.09.2022",159.5,2022,24.17,TRUE,NA,NA,NA,NA,"UNKNOWN",74.9412841796875,NA,NA,NA,23.943825365242,24.4773042693722,24.0912369675133,NA,NA,NA,NA,NA,0,NA,NA,NA,0
"943","AA_0984","Alt-Gielsdorf 67",NA,52.6053,13.8756,"20/09/2022","23/09/2022","M","adult",12.28,72,64,0.0424,NA,NA,NA,NA,NA,NA,NA,NA,NA,NA,NA,NA,NA,NA,NA,NA,NA,0.0285,0.1912,FALSE,"FEC","24.09.2022",168.3,2022,23.95,TRUE,NA,NA,NA,NA,"UNKNOWN",74.9412841796875,NA,NA,NA,24.0805261873629,24.2041827466908,23.5532727146867,NA,NA,NA,NA,NA,0,NA,NA,NA,0
"945","AA_0986","Bergschorfer Str. 1",NA,52.9572,13.2835,"20/09/2022","23/09/2022","F","adult",12.4,75,65,0.0271,NA,NA,FALSE,NA,NA,NA,NA,NA,NA,"ISI","20/09/2022","16:00",35,"21/09/2022","11:20",4,4,0.0257,0.229,FALSE,"FEC","24.09.2022",131.7,2022,21.25,TRUE,NA,NA,NA,NA,"UNKNOWN",74.790283203125,NA,NA,NA,21.1579673842912,21.0485983376389,21.5516496396062,NA,NA,NA,NA,NA,26.45,27.3009171356435,26.8798052401853,25.17972802126,71376
"946","AA_0987","Bergschorfer Str. 1",NA,52.9572,13.2835,"20/09/2022","23/09/2022","M","adult",16.86,80,82,0.0406,NA,NA,NA,NA,NA,NA,TRUE,NA,NA,"ISI","20/09/2022","16:00",35,"21/09/2022","11:20",4,4,0.0228,0.2987,FALSE,"FEC","24.09.2022",126.3,2022,37.36,FALSE,NA,NA,NA,NA,"UNKNOWN",80.6794357299805,66.4850692749023,NA,NA,38.5519186465212,NA,36.1609327747835,NA,NA,NA,NA,NA,29.6,30.2070871798393,30.6367311277301,27.9643553392913,8454
"948","AA_0989","Bergschorfer Str. 1",NA,52.9572,13.2835,"20/09/2022","23/09/2022","M","young",8.65,63,70,0.0107,NA,NA,NA,NA,NA,NA,NA,NA,NA,"ISI","20/09/2022","16:00",35,"21/09/2022","11:20",4,4,0.017,0.1894,FALSE,"FEC","24.09.2022",118.6,2022,36.99,FALSE,NA,NA,NA,NA,"UNKNOWN",82.514778137207,66.3415603637695,69.0622940063477,78.7359924316406,39.5663311794045,NA,34.4092492863729,NA,NA,NA,NA,NA,0,NA,NA,35.0472777006748,0
"949","AA_0990","Bradinger Str. 21/22",NA,52.9716,13.2767,"20/09/2022","23/09/2022","M","adult",15.09,82,81,0.0217,NA,NA,NA,NA,NA,NA,TRUE,NA,NA,"ISI","20/09/2022","17:20",29,"21/09/2022",NA,1,1,0.0147,0.4041,FALSE,"FEC","24.09.2022",79.4,2022,0,FALSE,NA,NA,NA,NA,"UNKNOWN",66.4927139282227,77.5267791748047,85.8401107788086,92.4907836914062,NA,37.8990225257543,NA,NA,NA,NA,NA,NA,26.58,27.4168971968443,27.2122364060593,25.120550633068,65361
"950","AA_0991","Karl-Liebknecht-Str. 36C",NA,52.858474,13.955803,"21/09/2022","23/09/2022","F","adult",10.82,70,62,0.0162,NA,NA,NA,NA,NA,NA,TRUE,NA,NA,NA,NA,NA,NA,NA,NA,NA,NA,0.0112,0.2546,FALSE,"FEC","24.09.2022",61.1,2022,38.82,FALSE,NA,NA,NA,NA,"UNKNOWN",72.6899261474609,81.6078643798828,74.3525924682617,NA,38.4098155083288,39.2381671357805,NA,NA,NA,NA,NA,NA,0,NA,37.7082320341981,NA,0
"951","AA_0992","Karl-Liebknecht-Str. 36C",NA,52.858474,13.955803,"21/09/2022","23/09/2022","M","adult",12.65,72,63,0.0209,NA,NA,NA,NA,NA,NA,NA,NA,NA,NA,NA,NA,NA,NA,NA,NA,NA,0.0172,0.1047,FALSE,"FEC","24.09.2022",92.7,2022,39.16,FALSE,NA,NA,NA,NA,"UNKNOWN",78.7359924316406,66.4927139282227,83.2705383300781,74.05029296875,39.1556640759648,NA,NA,NA,NA,NA,NA,NA,0,NA,NA,36.7485224515631,0
"952","AA_0993","Neuendorf 31",NA,52.887936,14.06121,"21/09/2022","23/09/2022","F","adult",14.16,72,65,0.043,NA,NA,FALSE,NA,NA,NA,TRUE,NA,NA,NA,NA,NA,NA,NA,NA,NA,NA,0.0161,0.15,FALSE,"FEC","24.09.2022",49.8,2022,37.94,FALSE,NA,NA,NA,NA,"UNKNOWN",81.0032653808594,68.9111404418945,90.9792633056641,93.8511428833008,37.9434985241475,NA,NA,NA,NA,NA,NA,NA,0,NA,NA,NA,0
"953","AA_0994","Kerstenbruch 10",NA,52.7383,14.2625,"21/09/2022","23/09/2022","M","adult",16.67,83,74,0.0123,NA,NA,NA,NA,NA,NA,NA,NA,NA,"SE","21/09/2022","15:00",11,"22/09/2022","10:21",1,1,0.0088,0,FALSE,"FEC","24.09.2022",74,2022,0,FALSE,NA,NA,NA,NA,"UNKNOWN",66.4927139282227,81.4567184448242,64.2254409790039,90.3746566772461,NA,NA,NA,NA,NA,NA,NA,NA,30.42,31.2640202364379,30.3073865937741,29.677666645377,4852
"954","AA_0995","Münchenhofer Str. 1",NA,52.4978,13.6761,"21/09/2022","23/09/2022","M","adult",19.75,84,86,0.0876,NA,NA,NA,NA,NA,NA,NA,NA,NA,"MA","21/09/2022","12:40",12,"22/09/2022","11:20",1,1,0.0152,0.0647,FALSE,"FEC","24.09.2022",69.1,2022,33.28,FALSE,NA,NA,NA,NA,"UNKNOWN",76.1664123535156,NA,NA,NA,33.4423854812886,33.2525814371919,33.1368305302049,NA,NA,NA,NA,NA,32.15,33.394594800142,32.4876680187396,30.5555227722059,1503
"955","AA_0996","Langer Landweg",NA,52.6179,13.8776,"21/09/2022","23/09/2022","M","adult",13.55,75,65,0.0143,NA,NA,NA,NA,NA,NA,NA,NA,NA,NA,NA,NA,NA,NA,NA,NA,NA,0.0251,0.21,FALSE,"FEC","24.09.2022",122.9,2022,31.25,TRUE,NA,NA,NA,NA,"UNKNOWN",75.5545043945312,82.9574127197266,74.1947860717773,62.106273651123,31.5307501881893,31.5726789550234,30.6324351617018,NA,NA,NA,NA,NA,0,NA,NA,NA,0
"956","AA_0997","Bunzelweg 9",NA,52.47347,13.69029,"21/09/2022","23/09/2022","F","pregnant",18.94,83,76,0.0749,NA,NA,NA,2,4,NA,NA,NA,NA,NA,NA,NA,NA,NA,NA,NA,NA,0.0104,0.2503,FALSE,"FEC","24.09.2022",12.5,2022,31.82,TRUE,NA,NA,NA,NA,"UNKNOWN",75.4034271240234,80.9933700561523,82.3352279663086,NA,32.0194946938776,32.3388309655535,31.1048826096519,NA,NA,NA,NA,NA,0,NA,NA,NA,0
"957","AA_0998","Bunzelweg 9",NA,52.47347,13.69029,"21/09/2022","23/09/2022","M","adult",16.33,78,79,0.0231,NA,NA,NA,NA,NA,NA,NA,NA,NA,NA,NA,NA,NA,NA,NA,NA,NA,0.089,0.1321,FALSE,"FEC","24.09.2022",24.5,2022,32.08,FALSE,NA,NA,NA,NA,"UNKNOWN",79.3314971923828,86.4322357177734,62.4081993103027,NA,32.4159258031243,32.420290910401,31.3941248652107,NA,NA,NA,NA,NA,34.52,35.1112216832907,33.9122530649246,34.5337050791941,302
"958","AA_0999","Bunzelweg 9",NA,52.47347,13.69029,"21/09/2022","23/09/2022","F","pregnant",16.32,80,81,0.023,NA,NA,NA,3,5,NA,NA,NA,NA,NA,NA,NA,NA,NA,NA,NA,NA,0.0219,0,FALSE,"FEC","24.09.2022",11.5,2022,32.33,FALSE,NA,NA,NA,NA,"UNKNOWN",79.180419921875,72.2307510375977,83.2595672607422,62.7127342224121,32.8183816199018,33.2408934715429,30.9382129706268,NA,NA,NA,NA,NA,37.86,37.6505730458687,38.2010176144359,37.7162861128693,31
"959","AA_1000","Bunzelweg 9",NA,52.47347,13.69029,"21/09/2022","23/09/2022","F","young",10.35,71,69,0.021,NA,NA,NA,NA,NA,NA,NA,NA,NA,NA,NA,NA,NA,NA,NA,NA,NA,0.014,0.07,FALSE,"FEC","24.09.2022",42.9,2022,31.92,FALSE,NA,NA,NA,NA,"UNKNOWN",83.41064453125,74.7991027832031,78.2739410400391,80.523681640625,32.724974961063,31.1750139310261,31.8549020592871,NA,NA,NA,NA,NA,36.49,36.0250162417115,35.0405195742788,38.4100204087967,79
"960","AA_1001","Danewitzer Weg 2","DANE2",52.737079,13.659532,"22/09/2022","23/09/2022","F","adult",20.47,88,84,0.1447,NA,NA,NA,NA,NA,NA,NA,NA,NA,NA,NA,NA,NA,NA,NA,NA,NA,0.0124,0.1267,FALSE,"FEC","24.09.2022",24.8,2022,18.61,TRUE,NA,NA,NA,NA,"UNKNOWN",75.5545043945312,NA,NA,NA,19.8060048763141,18.9289888674597,17.0967754958739,NA,NA,NA,NA,NA,34.63,35.3833509019923,34.8954884876826,33.599447124468,280
"961","AA_1002","Danewitzer Weg 2","DANE2",52.737079,13.659532,"22/09/2022","23/09/2022","F","adult",19.46,79,81,0.0704,NA,NA,NA,NA,NA,NA,NA,NA,NA,NA,NA,NA,NA,NA,NA,NA,NA,0.0192,0.124,FALSE,"FEC","24.09.2022",102.4,2022,26.53,TRUE,NA,NA,NA,NA,"UNKNOWN",75.8566665649414,NA,NA,NA,27.8403995823109,26.4600686045137,25.3018059149768,NA,NA,NA,NA,NA,32.53,32.4315655379019,33.0114109420574,32.1581582614259,1162
"962","AA_1003","Danewitzer Weg 2","DANE2",52.737079,13.659532,"22/09/2022","23/09/2022","F","adult",20.6,87,68,0.0485,NA,NA,NA,NA,NA,NA,NA,NA,NA,NA,NA,NA,NA,NA,NA,NA,NA,0.0464,0.0345,FALSE,"FEC","24.09.2022",205.9,2022,30.82,TRUE,NA,NA,NA,NA,"UNKNOWN",74.1947860717773,83.863883972168,63.014892578125,77.6553955078125,30.6661268584413,30.9645415386619,30.8239638304783,NA,NA,NA,NA,NA,32.93,33.151292782499,33.1549147855295,32.4950995267129,886
"963","AA_1004","Danewitzer Weg 2","DANE2",52.737079,13.659532,"22/09/2022","23/09/2022","F","adult",17.72,81,77,0.0402,NA,NA,NA,NA,NA,NA,NA,NA,NA,NA,NA,NA,NA,NA,NA,NA,NA,0.0363,0.0477,FALSE,"FEC","24.09.2022",61.3,2022,22.21,TRUE,NA,NA,NA,NA,"UNKNOWN",75.7055816650391,NA,NA,NA,23.1419639176194,22.0245411480359,21.4744806318942,NA,NA,NA,NA,NA,34.69,35.1109802021432,34.9460991876662,34.0098632745422,269
"966","AA_1007","Danewitzer Weg 2","DANE2",52.737079,13.659532,"22/09/2022","23/09/2022","F","adult",18.16,81,79,0.0771,NA,NA,NA,NA,NA,NA,NA,NA,NA,NA,NA,NA,NA,NA,NA,NA,NA,0.0177,0.0625,FALSE,"FEC","24.09.2022",89.3,2022,26.07,TRUE,NA,NA,NA,NA,"UNKNOWN",75.8566665649414,NA,NA,NA,26.6776924238348,25.9156133342884,25.6156464439437,NA,NA,NA,NA,NA,0,NA,NA,NA,0
"967","AA_1008","Danewitzer Weg 2","DANE2",52.737079,13.659532,"22/09/2022","23/09/2022","F","young",8.22,57,71,0.0208,NA,NA,NA,NA,NA,NA,NA,NA,NA,NA,NA,NA,NA,NA,NA,NA,NA,0.083,0.458,FALSE,"FEC","24.09.2022",33.2,2022,30.17,FALSE,NA,NA,NA,NA,"UNKNOWN",78.7271728515625,72.0796737670898,62.561653137207,62.106273651123,30.6219163719774,30.0658834716752,29.8272980145254,NA,NA,NA,NA,NA,36.69,36.9256831614373,37.5581380391695,35.5743538248113,69
"968","AA_1009","Danewitzer Weg 2","DANE2",52.737079,13.659532,"22/09/2022","23/09/2022","F","adult",25.51,90,93,0.1495,NA,NA,TRUE,NA,NA,NA,TRUE,NA,"Mastophorus in Stomach (1.5 g), Tapeworm, Pinworm",NA,NA,NA,NA,NA,NA,NA,NA,0.0163,0.1206,FALSE,"FEC","24.09.2022",60.1,2022,29.42,FALSE,NA,NA,NA,NA,"UNKNOWN",82.9574127197266,NA,NA,NA,29.7901254271596,29.136175533123,29.3353317551688,NA,NA,NA,NA,NA,36.41,36.3454076250136,38.0679729488855,34.8267058930597,83
"969","AA_1010","Wriezener Str.1",NA,52.7636,14.1628,"23/09/2022","24/09/2022","M","adult",13.16,73,61,0.0458,NA,NA,NA,NA,NA,NA,NA,NA,NA,NA,NA,NA,NA,NA,NA,NA,NA,0.0673,2.125,TRUE,"FEC","25.09.2022",32.7,2022,24.13,TRUE,NA,NA,NA,NA,"UNKNOWN",75.7055816650391,NA,NA,NA,24.9283023722058,24.1261050091342,23.3256620754625,NA,NA,NA,NA,NA,33.13,33.1681757053646,33.012848612241,33.2204819978718,774
"970","AA_1011","Wriezener Str.1",NA,52.7636,14.1628,"23/09/2022","24/09/2022","M","adult ",9.55,78,58,0.0325,NA,NA,TRUE,NA,NA,NA,NA,NA,NA,NA,NA,NA,NA,NA,NA,NA,NA,0.0785,0.9575,TRUE,"FEC","25.09.2022",121.3,2022,31.08,TRUE,NA,NA,NA,NA,"UNKNOWN",75.5545043945312,NA,NA,NA,31.7287751032004,31.2333111251479,30.2899001971568,NA,NA,NA,NA,NA,0,NA,35.3969822592126,NA,0
"971","AA_1012","Wriezener Str.1",NA,52.7636,14.1628,"23/09/2022","24/09/2022","F","adult",11.64,71,61,0.0254,NA,NA,TRUE,NA,NA,NA,TRUE,NA,NA,NA,NA,NA,NA,NA,NA,NA,NA,0.0332,0.8688,TRUE,"FEC","25.09.2022",160.1,2022,26.29,TRUE,NA,NA,NA,NA,"UNKNOWN",75.5545043945312,NA,NA,NA,27.367267862045,25.9227009315785,25.5764568112589,NA,NA,NA,NA,NA,0,NA,NA,38.6855378972335,0
"972","AA_1013","Wriezener Str.1",NA,52.7636,14.1628,"23/09/2022","24/09/2022","F","pregnant",15.64,76,68,0.0915,NA,NA,NA,4,1,NA,TRUE,NA,NA,NA,NA,NA,NA,NA,NA,NA,NA,0.1039,0.7817,TRUE,"FEC","25.09.2022",38.6,2022,30,TRUE,NA,NA,NA,NA,"UNKNOWN",75.7148590087891,NA,NA,NA,30.0810427637365,30.4326790935627,29.4845715865996,NA,NA,NA,NA,NA,0,NA,NA,NA,0
"973","AA_1014","Wriezener Str.1",NA,52.7636,14.1628,"23/09/2022","24/09/2022","F","adult",12.93,72,69,0.0487,NA,NA,TRUE,NA,NA,NA,NA,NA,NA,NA,NA,NA,NA,NA,NA,NA,NA,0.0685,1.0282,TRUE,"FEC","25.09.2022",83.8,2022,29.63,TRUE,NA,NA,NA,NA,"UNKNOWN",75.7148590087891,NA,NA,NA,30.142659474616,30.2398390308205,28.5090571742738,NA,NA,NA,NA,NA,27.36,27.481344524018,27.6052703771907,26.9915437669348,38540
"974","AA_1015","Schönbeckstr. 21",NA,52.9758,13.7317,"23/09/2022","24/09/2022","M","adult",13.59,73,60,0.0306,NA,NA,TRUE,NA,NA,NA,NA,NA,NA,"Robin; Tabea","22/09/2022","13:33",20,"22/09/2022","13:33",5,3,0.0599,1.768,TRUE,"FEC","25.09.2022",72.2,2022,32.59,FALSE,NA,NA,NA,NA,"UNKNOWN",81.9131317138672,77.0754547119141,NA,NA,31.9111942885753,31.5060213831856,34.3501232023494,NA,NA,NA,NA,NA,34.52,34.0007856368505,35.3066390300051,34.2382494718558,302
"975","AA_1016","Schönbeckstr. 21",NA,52.9758,13.7317,"23/09/2022","24/09/2022","F","adult",14.04,76,60,0.0575,NA,NA,NA,NA,NA,NA,NA,NA,NA,"Robin; Tabea","22/09/2022","13:33",20,"22/09/2022","13:33",5,3,0.03,0.259,TRUE,"FEC","25.09.2022",88,2022,29.79,TRUE,NA,NA,NA,NA,"UNKNOWN",75.2613296508789,NA,NA,NA,30.3588530541124,30.7533600939675,28.2444741912497,NA,NA,NA,NA,NA,38.93,38.9309768485355,NA,NA,15
"976","AA_1017","Schönbeckstr. 21",NA,52.9758,13.7317,"23/09/2022","24/09/2022","F","adult",13.86,76,60,0.0225,NA,NA,TRUE,NA,NA,NA,NA,NA,NA,"Robin; Tabea","22/09/2022","13:33",20,"22/09/2022","13:33",5,3,0.078,0.6676,TRUE,"FEC","25.09.2022",83.3,2022,30.87,TRUE,NA,NA,NA,NA,"UNKNOWN",75.4125061035156,81.761962890625,NA,NA,31.3627212166933,31.1069205036901,30.1316894744857,NA,NA,NA,NA,NA,29.35,28.8908990722905,28.8466789739013,30.3082188987112,10014
"977","AA_1018","Gielsdorf 2 (Am Rötseetn Str. 2)",NA,52.6061,13.87714,"22/09/2022","23/09/2022","F","adult",21.5,92,80,0.1179,NA,NA,TRUE,NA,NA,NA,NA,NA,NA,NA,NA,NA,NA,NA,NA,NA,NA,0.0387,0.815,TRUE,"FEC","25.09.2022",58.5,2022,33.82,FALSE,NA,NA,NA,NA,"UNKNOWN",72.5401306152344,81.0060729980469,62.8647727966309,NA,33.5282680712715,33.628564486198,34.2967725276137,NA,NA,NA,NA,NA,35.6,35.7767546583112,35.4154657423538,NA,145
"978","AA_1020","Walther Ratenau Str. 12",NA,52.384046,13.76054,"24/09/2022","25/09/2022","F","young",5.72,51,68,0.0067,NA,NA,NA,NA,NA,NA,NA,NA,NA,NA,NA,NA,NA,NA,NA,NA,NA,0.012,0.175,TRUE,"FEC","26.09.2022",21.5,2022,33.23,TRUE,NA,NA,NA,NA,"UNKNOWN",75.8438415527344,84.1467742919922,NA,NA,34.6303031843119,32.3949774806241,32.6652562477763,NA,NA,NA,NA,NA,0,NA,NA,NA,0
"979","AA_1021","Walther Ratenau Str. 12",NA,52.387046,13.76054,"24/09/2022","25/09/2022","F","adult",15.95,77,84,0.0466,NA,NA,NA,NA,NA,NA,TRUE,NA,NA,NA,NA,NA,NA,NA,NA,NA,NA,0.0674,0.6179,TRUE,"FEC","26.09.2022",60,2022,24.23,TRUE,NA,NA,NA,NA,"UNKNOWN",74.0322952270508,NA,NA,NA,24.8233845335864,24.3471041439945,23.5169087126385,NA,NA,NA,NA,NA,29.88,30.2725126502977,29.796487655719,29.56403244622,6994
"980","AA_1022","Zehdenicker Str. 8C",NA,52.979407,13.73026,"24/09/2022","25/09/2022","F","adult",13.97,74,63,0.04,NA,NA,NA,NA,NA,NA,NA,NA,NA,NA,NA,NA,NA,NA,NA,NA,NA,0.0789,0.1407,TRUE,"FEC","26.09.2022",139.6,2022,34.07,TRUE,NA,NA,NA,NA,"UNKNOWN",73.7303771972656,79.3159790039062,NA,NA,35.2431129767296,33.8389736242941,33.1402597053217,NA,NA,NA,NA,NA,29.66,29.6834732718972,29.5797798894847,29.7192459511349,8118
"981","AA_1023","Zehdenicker Str. 8C",NA,52.979407,13.73026,"24/09/2022","25/09/2022","F","adult",19.05,82,70,0.0505,NA,NA,TRUE,NA,NA,NA,NA,NA,NA,NA,NA,NA,NA,NA,NA,NA,NA,0.0495,1.0438,TRUE,"FEC","26.09.2022",47.9,2022,33.06,FALSE,NA,NA,NA,NA,"UNKNOWN",71.9188232421875,77.8063583374023,85.521614074707,62.1071548461914,33.7554885112419,32.7897020154345,32.6441299652713,NA,NA,NA,NA,NA,30.22,30.1633882534981,30.6150859328446,29.8810243656692,5556
"982","AA_1024","Zehdenicker Str. 8C",NA,52.979407,13.73026,"24/09/2022","25/09/2022","M","adult",16.35,75,67,0.0736,NA,NA,NA,NA,NA,NA,NA,NA,NA,NA,NA,NA,NA,NA,NA,NA,NA,0.046,0.3733,TRUE,"FEC","26.09.2022",39.3,2022,24.47,TRUE,NA,NA,NA,NA,"UNKNOWN",75.2399978637695,NA,NA,NA,25.1820887098071,24.7613283029655,23.4750066579001,NA,NA,NA,NA,NA,0,NA,37.4144149265428,NA,0
"983","AA_1025","Zehdenicker Str. 8C",NA,52.979407,13.73026,"24/09/2022","25/09/2022","F","adult",22.75,88,71,0.057,NA,NA,NA,2,6,NA,NA,NA,NA,NA,NA,NA,NA,NA,NA,NA,NA,0.0518,1.3695,TRUE,"FEC","26.09.2022",122.1,2022,32.17,FALSE,NA,NA,NA,NA,"UNKNOWN",80.5366058349609,71.4729385375977,NA,NA,29.4647465124063,33.3868492979282,33.6583074350606,NA,NA,NA,NA,NA,30.14,30.310876241693,30.4029895411601,29.7084917859654,5865
"984","AA_1026","Zehdenicker Str. 8C",NA,52.979407,13.73026,"24/09/2022","25/09/2022","F","adult",11.41,62,69,0.0241,NA,NA,NA,NA,NA,NA,NA,NA,NA,NA,NA,NA,NA,NA,NA,NA,NA,0.0299,0.2471,TRUE,"FEC","26.09.2022",63.4,2022,30.87,FALSE,NA,NA,NA,NA,"UNKNOWN",84.4641876220703,62.4092750549316,83.8599472045898,81.4429702758789,30.9688028339406,30.2517577826577,31.3799031003434,NA,NA,NA,NA,NA,30.35,30.4275787722723,30.6272137455715,29.9918968669155,5087
"985","AA_1027","Zehdenicker Str. 8C",NA,52.979407,13.73026,"24/09/2022","25/09/2022","F","adult",14.84,78,62,0.0456,NA,NA,NA,NA,NA,NA,NA,NA,NA,NA,NA,NA,NA,NA,NA,NA,NA,0.0421,1.2141,TRUE,"FEC","26.09.2022",44.7,2022,32.16,FALSE,NA,NA,NA,NA,"UNKNOWN",81.5940246582031,72.0771789550781,76.609016418457,62.2582168579102,31.6573987024309,31.9513234040993,32.861670807567,NA,NA,NA,NA,NA,29.91,30.3579029288082,29.7811740709828,29.576307018837,6853
"986","AA_1028","Zehdenicker Str. 8C",NA,52.979407,13.73026,"24/09/2022","25/09/2022","F","adult",12.26,70,66,0.0414,NA,NA,NA,NA,NA,NA,NA,NA,NA,NA,NA,NA,NA,NA,NA,NA,NA,0.0133,NA,NA,"FEC","26.09.2022",18.6,2022,30.76,FALSE,NA,NA,NA,NA,"UNKNOWN",72.9835510253906,77.0621948242188,62.5603370666504,NA,30.7145418813659,30.5901912167764,30.9759372404995,NA,NA,NA,NA,NA,34.46,33.8825595568833,35.6316237447677,33.8771675086417,314
"987","AA_1030","Serwester Hühnerhof",NA,52.93356,13.93226,"25/09/2022","26/09/2022","F","adult",12.5,81,61,0.043,NA,NA,NA,NA,NA,NA,NA,NA,NA,NA,NA,NA,NA,NA,NA,NA,NA,0.0282,0.6246,TRUE,"FEC","28.09.2022",39.3,2022,33.18,FALSE,NA,NA,NA,NA,"UNKNOWN",86.5332946777344,90.7555999755859,73.1123962402344,NA,33.4070840886126,33.3510774444507,32.7841783100434,NA,NA,NA,NA,NA,31.51,32.2341888525791,31.7699971877846,30.5186494878817,2319
"988","AA_1031","Serwester Hühnerhof",NA,52.93356,13.93226,"25/09/2022","26/09/2022","F","adult",11.2,72,61,0.041,NA,NA,NA,NA,NA,NA,NA,NA,NA,NA,NA,NA,NA,NA,NA,NA,NA,0.0304,0.2568,TRUE,"FEC","28.09.2022",61.7,2022,34.27,FALSE,NA,NA,NA,NA,"UNKNOWN",86.9856796264648,70.398063659668,84.5729370117188,NA,34.3753826795696,34.3242904388109,34.099292750269,NA,NA,NA,NA,NA,33.49,33.3007480022834,33.7496928815911,33.420587801776,606
"989","AA_1032","Serwester Hühnerhof",NA,52.93356,13.93226,"25/09/2022","26/09/2022","M","adult",14.46,75,71,0.031,NA,NA,NA,NA,NA,NA,NA,NA,NA,NA,NA,NA,NA,NA,NA,NA,NA,0.0206,0.3211,TRUE,"FEC","28.09.2022",32.6,2022,34.31,FALSE,NA,NA,NA,NA,"UNKNOWN",87.4380722045898,81.7078018188477,71.4536361694336,NA,35.3170464120911,33.9851878913617,33.6131534449496,NA,NA,NA,NA,NA,0,NA,NA,NA,0
"990","AA_1033","Serwester Hühnerhof",NA,52.93356,13.93226,"25/09/2022","26/09/2022","F","adult",17.3,79,64,0.104,NA,NA,NA,NA,NA,NA,NA,NA,NA,NA,NA,NA,NA,NA,NA,NA,NA,0.0394,0.3448,TRUE,"FEC","28.09.2022",45.6,2022,35.89,TRUE,NA,NA,NA,NA,"UNKNOWN",73.8663787841797,83.9697494506836,63.3106231689453,NA,36.5305281988001,35.1960124721153,35.9491809931069,NA,NA,NA,NA,NA,0,NA,NA,39.6977920393629,0
"991","AA_1034","Serwester Hühnerhof",NA,52.93356,13.93226,"25/09/2022","26/09/2022","M","adult",13.52,72,63,0.046,NA,NA,NA,NA,NA,NA,NA,NA,NA,NA,NA,NA,NA,NA,NA,NA,NA,0.0241,1.929,TRUE,"FEC","28.09.2022",9.6,2022,0,TRUE,NA,NA,NA,NA,"UNKNOWN",74.3187713623047,63.1598281860352,92.715950012207,84.5729370117188,NA,37.1613602855516,36.455765997715,NA,NA,NA,NA,NA,0,NA,NA,NA,0
"992","AA_1035","Serwester Hühnerhof",NA,52.93356,13.93226,"25/09/2022","26/09/2022","M","adult",12.26,79,69,0.038,NA,NA,NA,NA,NA,NA,NA,NA,NA,NA,NA,NA,NA,NA,NA,NA,NA,0.008,0.2538,TRUE,"FEC","28.09.2022",4.3,2022,35.24,FALSE,NA,NA,NA,NA,"UNKNOWN",73.2631988525391,88.1920547485352,63.7630157470703,89.8508148193359,35.1186184011908,35.7469690708236,34.8491525609033,NA,NA,NA,NA,NA,33.35,33.6214021905146,33.7294871656375,32.7021831063722,667
"993","AA_1036","Serwester Hühnerhof",NA,52.93356,13.93226,"25/09/2022","26/09/2022","F","adult",14.42,83,69,0.0416,NA,NA,NA,NA,NA,NA,NA,NA,NA,NA,NA,NA,NA,NA,NA,NA,NA,0.0171,0.3235,TRUE,"FEC","28.09.2022",20,2022,33.57,FALSE,NA,NA,NA,NA,"UNKNOWN",77.0331115722656,86.6840896606445,69.6440811157227,NA,32.3243334993784,33.5229625014468,34.8618986087653,NA,NA,NA,NA,NA,0,NA,NA,NA,0
"994","AA_1037","Serwester Hühnerhof",NA,52.93356,13.93226,"25/09/2022","26/09/2022","M","adult",16.51,75,72,0.072,NA,NA,NA,NA,NA,NA,NA,NA,NA,NA,NA,NA,NA,NA,NA,NA,NA,0.0175,0.1982,TRUE,"FEC","28.09.2022",36.1,2022,33.94,FALSE,NA,NA,NA,NA,"UNKNOWN",86.8348846435547,81.5570068359375,NA,NA,33.8911017704989,33.7953080990382,34.1311769754045,NA,NA,NA,NA,NA,32.74,32.9410097860909,33.0538214005473,32.2185647300908,1008
"995","AA_1038","Serwester Hühnerhof",NA,52.93356,13.93226,"25/09/2022","26/09/2022","F","young",12.39,79,62,0.048,NA,NA,NA,NA,NA,NA,NA,NA,NA,NA,NA,NA,NA,NA,NA,NA,NA,0.0423,0.3106,TRUE,"ILCO","28.09.2022",3.4,2022,37.66,FALSE,NA,NA,NA,NA,"UNKNOWN",84.7237319946289,74.1679763793945,NA,NA,38,NA,37.3223281192144,NA,NA,NA,NA,NA,0,NA,NA,NA,0
"996","AA_1039","Serwester Hühnerhof",NA,52.93356,13.93226,"25/09/2022","26/09/2022","M","adult",15.04,80,65,0.049,NA,NA,NA,NA,NA,NA,NA,NA,NA,NA,NA,NA,NA,NA,NA,NA,NA,0.0121,0.3811,TRUE,"FEC","28.09.2022",17.5,2022,35.02,FALSE,NA,NA,NA,NA,"UNKNOWN",83.0649719238281,87.4380722045898,90.1524047851562,69.0408935546875,34.45603505895,35.7950634778996,34.8185176757012,NA,NA,NA,NA,NA,0,NA,NA,NA,0
"997","AA_1040","Rödelliner Straße 37",NA,53.1153,13.4781,"25/09/2022","26/09/2022","M","adult",17.13,80,65,0.0402,NA,NA,NA,NA,NA,NA,NA,NA,NA,NA,NA,NA,NA,NA,NA,NA,NA,0.0301,0.375,TRUE,"FEC","28.09.2022",43.9,2022,17.16,FALSE,NA,NA,NA,NA,"UNKNOWN",77.6362991333008,NA,NA,NA,17.1003821188576,17.1935744381095,17.1880993148832,NA,NA,NA,NA,NA,0,NA,NA,NA,0
"998","AA_1041","Storower Dorfstrasse 7",NA,53.051694,13.440196,"25/09/2022","26/09/2022","F","adult",18.41,91,83,0.0367,NA,NA,NA,NA,NA,NA,NA,NA,NA,NA,NA,NA,NA,NA,NA,NA,NA,0.0221,0.4406,TRUE,"FEC","28.09.2022",171.4,2022,24.96,FALSE,NA,NA,NA,NA,"UNKNOWN",77.6362991333008,NA,NA,NA,24.8197434262851,25.0001785546846,25.0610026277929,NA,NA,NA,NA,NA,0,NA,NA,27.0550497111245,0
"999","AA_1042","Storower Dorfstrasse 7",NA,53.051694,13.440196,"25/09/2022","26/09/2022","M","adult",16.9,88,79,NA,NA,NA,NA,NA,NA,NA,NA,NA,NA,NA,NA,NA,NA,NA,NA,NA,NA,0.0151,NA,NA,"FEC","28.09.2022",25.4,2022,21.13,FALSE,NA,NA,NA,NA,"UNKNOWN",77.6362991333008,NA,NA,NA,21.1660075270302,21.1603263311909,21.0675878893027,NA,NA,NA,NA,NA,31.75,34.8869603609269,25.6205927143728,34.7505064692207,1971
"1000","AA_1043","Storower Dorfstrasse 7",NA,53.051694,13.440196,"25/09/2022","26/09/2022","M","adult",13.32,79,70,0.0237,NA,NA,NA,NA,NA,NA,NA,NA,NA,NA,NA,NA,NA,NA,NA,NA,NA,0.0186,NA,NA,"FEC","28.09.2022",66.1,2022,31.7,FALSE,NA,NA,NA,NA,"UNKNOWN",77.0331115722656,86.5332946777344,81.274040222168,NA,31.8491007200734,31.9688891494945,31.2844134099523,NA,NA,NA,NA,NA,0,NA,NA,NA,0
"1030","CB_001","Alt-Gielsdorf 67",NA,52.6053,13.8756,"20/09/2022","26/09/2022","M","adult",14.92,84,64,0.0576,NA,NA,NA,NA,NA,NA,NA,NA,NA,NA,NA,NA,NA,NA,NA,NA,NA,0.0612,3.163,TRUE,"FEC","26.09.2022",239.1,2022,25.69,TRUE,NA,NA,NA,NA,"UNKNOWN",75.4005279541016,NA,NA,NA,26.1621333415491,25.9045760805409,24.9902727400569,NA,NA,NA,NA,NA,38.64,38.6427848459213,NA,NA,18
"1031","CB_002","Bunzelweg 9",NA,52.47347,13.69029,"21/09/2022","26/09/2022","M","adult",13.72,75,86,0.0181,NA,NA,NA,NA,NA,NA,NA,NA,NA,NA,NA,NA,NA,NA,NA,NA,NA,0.0327,3.4586,TRUE,"FEC","26.09.2022",196.9,2022,29.89,FALSE,NA,NA,NA,NA,"UNKNOWN",80.9897842407227,NA,NA,NA,29.1853448299224,29.3254463419324,31.1710821973464,NA,NA,NA,NA,NA,0,NA,NA,NA,0
"1032","CB_003","Königlich Reetz 14",NA,52.7747,14.1525,"20/09/2022","26/09/2022","M","adult",17.77,79,74,0.0304,NA,NA,NA,NA,NA,NA,NA,NA,NA,"SE","20/09/2022","15:10",12,"21/09/2022","08:50",7,7,0.0579,3.3605,TRUE,"FEC","26.09.2022",205.7,2022,31.82,FALSE,NA,NA,NA,NA,"UNKNOWN",72.8324890136719,82.6514587402344,62.5603370666504,85.6726760864258,29.4104227328891,30.8002954107015,35.243296659285,NA,NA,NA,NA,NA,35.26,35.2565667643084,NA,NA,183
"1033","CB_004",NA,NA,NA,NA,NA,NA,NA,NA,NA,NA,NA,NA,NA,NA,NA,NA,NA,NA,NA,NA,NA,NA,NA,NA,NA,NA,NA,NA,NA,0.056,2.039,TRUE,"FEC","26.09.2022",92.4,2022,29.84,FALSE,NA,NA,NA,NA,"UNKNOWN",84.3131256103516,78.7238693237305,62.8624572753906,72.9835510253906,28.4352156472367,28.8271859380296,32.257671152445,NA,NA,NA,NA,NA,29.65,29.7814701686812,29.5134780856968,29.6456804784434,8173
"1035","CB_005","Bunzelweg 9",NA,52.47347,13.69029,"21/09/2022","26/09/2022","M","adult",20.41,89,83,0.0273,NA,NA,NA,NA,NA,NA,NA,NA,NA,NA,NA,NA,NA,NA,NA,NA,NA,0.0362,3.3143,TRUE,"FEC","26.09.2022",90.5,2022,30.71,FALSE,NA,NA,NA,NA,"UNKNOWN",83.1262664794922,71.7863311767578,62.2607879638672,62.1095924377441,30.9382646196803,30.5553629769754,30.6371280805378,NA,NA,NA,NA,NA,31.83,31.615882604951,31.7764550780242,32.0974983070059,1867
"1036","CB_006","Alt-Gielsdorf 67",NA,52.6053,13.8756,"20/09/2022","26/09/2022","M","adult",13.19,75,67,0.02935,NA,NA,NA,NA,NA,NA,NA,NA,NA,NA,NA,NA,NA,NA,NA,NA,NA,0.0259,NA,NA,"FEC","28.09.2022",5.5,2022,32.5,FALSE,NA,NA,NA,NA,"UNKNOWN",84.2713470458984,77.0331115722656,NA,NA,33.4821746375557,32.3815108848592,31.6280386760056,NA,NA,NA,NA,NA,37.3,36.3503530275288,37.372943413794,38.1888823679524,45
"1037","CB_007",NA,NA,NA,NA,NA,NA,NA,NA,NA,NA,NA,NA,NA,NA,NA,NA,NA,NA,NA,NA,NA,NA,NA,NA,NA,NA,NA,NA,NA,0.0265,NA,NA,"FEC","28.09.2022",5.5,2022,35.05,FALSE,NA,NA,NA,NA,"UNKNOWN",77.0331115722656,75.3875732421875,NA,NA,34.9731768064467,34.2172508038444,35.9575944836747,NA,NA,NA,NA,NA,26.64,26.4759229290275,26.8546908887025,26.5859425961349,62758
"1039","CB_008","Danewitzer Weg 2",NA,52.737079,13.659532,"22/09/2022","26/09/2022","M","adult",20.6,75,79,0.0645,NA,NA,NA,NA,NA,NA,NA,NA,NA,NA,NA,NA,NA,NA,NA,NA,NA,0.0323,NA,NA,"FEC","28.09.2022",4.7,2022,36.07,FALSE,NA,NA,NA,NA,"UNKNOWN",88.82080078125,73.4254150390625,84.3142776489258,NA,34.8384227466927,37.8373015276604,35.5381032321358,NA,NA,NA,NA,NA,0,NA,NA,NA,0
"1040","CB_009","Danewitzer Weg 2",NA,52.737079,13.659532,"22/09/2022","26/09/2022","M","adult",16,79,79,0.04202,NA,NA,NA,NA,NA,NA,NA,NA,NA,NA,NA,NA,NA,NA,NA,NA,NA,0.0475,0.629,TRUE,"FEC","28.09.2022",8.9,2022,32.11,FALSE,NA,NA,NA,NA,"UNKNOWN",77.5006637573242,87.1605072021484,NA,NA,32.2979262978009,32.473832050904,31.5713278431296,NA,NA,NA,NA,NA,0,NA,NA,NA,0
"1041","CB_010","Wriezener Str.1",NA,52.7636,14.1628,"23/09/2022","26/09/2022","M","adult",16.01,79,66,0.05294,NA,NA,NA,NA,NA,NA,NA,NA,NA,NA,NA,NA,NA,NA,NA,NA,NA,0.049,0.4913,TRUE,"FEC","28.09.2022",21.2,2022,27.79,FALSE,NA,NA,NA,NA,"UNKNOWN",77.6515960693359,NA,NA,NA,27.8380273252174,28.085039917274,27.4563497673194,NA,NA,NA,NA,NA,0,NA,NA,NA,0
"1042","ZZ_0087",NA,NA,NA,NA,NA,NA,NA,NA,NA,NA,NA,NA,NA,NA,NA,NA,NA,NA,NA,NA,NA,NA,NA,NA,NA,NA,NA,NA,NA,0.184,NA,NA,"ILCO","26.09.2022",195.7,2022,30.66,TRUE,NA,NA,NA,NA,"UNKNOWN",75.8687133789062,72.0887298583984,81.4630813598633,61.9583930969238,30.8638505919037,29.9052102444732,31.2241573108649,NA,NA,NA,NA,NA,0,NA,NA,NA,0
"1043","ZZ_0088",NA,NA,NA,NA,NA,NA,NA,NA,NA,NA,NA,NA,NA,NA,NA,NA,NA,NA,NA,NA,NA,NA,NA,NA,NA,NA,NA,NA,NA,0.1036,NA,NA,"ILCO","26.09.2022",8.7,2022,25.66,TRUE,NA,NA,NA,NA,"UNKNOWN",75.5663146972656,NA,NA,NA,26.6908035724421,25.9079007598363,24.3954337676714,NA,NA,NA,NA,NA,26.46,27.1862869243404,26.218297121621,25.988491122345,70894
"1044","ZZ_0089",NA,NA,NA,NA,NA,NA,NA,NA,NA,NA,NA,NA,NA,NA,NA,NA,NA,NA,NA,NA,NA,NA,NA,NA,NA,NA,NA,NA,NA,0.0294,NA,NA,"FEC","26.09.2022",29.7,2022,23.13,TRUE,NA,NA,NA,NA,"UNKNOWN",74.8103179931641,NA,NA,NA,24.3676020977161,23.6321253121099,21.3888342278675,NA,NA,NA,NA,NA,34.36,35.2158719837486,34.9831205107912,32.8815594996044,336
"1045","ZZ_0090",NA,NA,NA,NA,NA,NA,NA,NA,NA,NA,NA,NA,NA,NA,NA,NA,NA,NA,NA,NA,NA,NA,NA,NA,NA,NA,NA,NA,NA,0.1881,NA,NA,"ILCO","26.09.2022",208.2,2022,28.59,TRUE,NA,NA,NA,NA,"UNKNOWN",75.7175140380859,NA,NA,NA,28.9612119964117,28.2845237830466,28.515836790641,NA,NA,NA,NA,NA,0,NA,NA,NA,0
"1046","ZZ_0091",NA,NA,NA,NA,NA,NA,NA,NA,NA,NA,NA,NA,NA,NA,NA,NA,NA,NA,NA,NA,NA,NA,NA,NA,NA,NA,NA,NA,NA,0.1371,NA,NA,"ILCO","26.09.2022",9.8,2022,32.09,FALSE,NA,NA,NA,NA,"UNKNOWN",76.4735107421875,72.9959259033203,62.5631866455078,62.2607879638672,32.8456825369467,31.6998265947146,31.7151735461758,NA,NA,NA,NA,NA,0,NA,NA,NA,0
"1047","ZZ_0092",NA,NA,NA,NA,NA,NA,NA,NA,NA,NA,NA,NA,NA,NA,NA,NA,NA,NA,NA,NA,NA,NA,NA,NA,NA,NA,NA,NA,NA,0.0854,NA,NA,"ILCO","26.09.2022",4.1,2022,33.22,FALSE,NA,NA,NA,NA,"UNKNOWN",72.6935272216797,72.2399291992188,62.5631866455078,NA,34.2549783375396,32.758799418804,32.6543466512972,NA,NA,NA,NA,NA,0,NA,NA,NA,0
"1048","ZZ_0093",NA,NA,NA,NA,NA,NA,NA,NA,NA,NA,NA,NA,NA,NA,NA,NA,NA,NA,NA,NA,NA,NA,NA,NA,NA,NA,NA,NA,NA,0.0776,NA,NA,"FEC","25.09.2022",66.9,2022,26.77,TRUE,NA,NA,NA,NA,"UNKNOWN",75.5545043945312,NA,NA,NA,28.1395239843349,26.3356265893248,25.8383690512588,NA,NA,NA,NA,NA,30.74,30.9250243366109,30.6137426549488,30.6844758584286,3906
"1049","ZZ_0094",NA,NA,NA,NA,NA,NA,NA,NA,NA,NA,NA,NA,NA,NA,NA,NA,NA,NA,NA,NA,NA,NA,NA,NA,NA,NA,NA,NA,NA,0.027,NA,NA,"ILCO","28.09.2022",24.5,2022,32.71,FALSE,NA,NA,NA,NA,"UNKNOWN",85.8020935058594,NA,NA,NA,32.6923965693367,32.9725907557056,32.4769818046485,NA,NA,NA,NA,NA,0,NA,35.3196121287153,38.067049401679,0
"1050","ZZ_0095",NA,NA,NA,NA,NA,NA,NA,NA,NA,NA,NA,NA,NA,NA,NA,NA,NA,NA,NA,NA,NA,NA,NA,NA,NA,NA,NA,NA,NA,0.0428,NA,NA,"ILCO","28.09.2022",13.9,2022,34.33,FALSE,NA,NA,NA,NA,"UNKNOWN",76.5950546264648,84.594612121582,NA,NA,34.8372061094299,34.2133368842924,33.9416400225519,NA,NA,NA,NA,NA,0,NA,NA,37.0008550251434,0
"1051","ZZ_0096",NA,NA,NA,NA,NA,NA,NA,NA,NA,NA,NA,NA,NA,NA,NA,NA,NA,NA,NA,NA,NA,NA,NA,NA,NA,NA,NA,NA,NA,0.0119,NA,NA,"FEC","28.09.2022",227.6,2022,21.31,FALSE,NA,NA,NA,NA,"UNKNOWN",76.8969268798828,NA,NA,NA,22.0347293521988,21.5485979421454,20.3473234834075,NA,NA,NA,NA,NA,0,NA,NA,NA,0
"1052","ZZ_0097",NA,NA,NA,NA,NA,NA,NA,NA,NA,NA,NA,NA,NA,NA,NA,NA,NA,NA,NA,NA,NA,NA,NA,NA,NA,NA,NA,NA,NA,0.0419,NA,NA,"ILCO","28.09.2022",3.6,2022,28.04,FALSE,NA,NA,NA,NA,"UNKNOWN",78.2553405761719,NA,NA,NA,28.540675885165,28.2205277482866,27.3448085129437,NA,NA,NA,NA,NA,0,NA,NA,36.726534780357,0
"1053","ZZ_0098",NA,NA,NA,NA,NA,NA,NA,NA,NA,NA,NA,NA,NA,NA,NA,NA,NA,NA,NA,NA,NA,NA,NA,NA,NA,NA,NA,NA,NA,0.1501,NA,NA,"ILCO","28.09.2022",25.2,2022,36.65,FALSE,NA,NA,NA,NA,"UNKNOWN",78.1044082641602,87.9151840209961,74.0291595458984,NA,37.1656438860967,36.5533964246262,36.2162096807784,NA,NA,NA,NA,NA,35.75,35.7546918334956,NA,NA,131
